<application>
  <component name="DimensionService">
    <location key="WELCOME_SCREEN.0.0.1920.1080" x="960" y="300" />
    <location key="find.popup.0.0.1920.1080" x="699" y="8" />
    <size key="GridCell.Tab.0.right.0.0.1920.1080" width="1838" height="72" />
    <size key="GridCell.Tab.0.left.0.0.1920.1080" width="1838" height="72" />
    <size key="GridCell.Tab.0.center.0.0.1920.1080" width="1838" height="72" />
    <size key="GridCell.Tab.0.bottom.0.0.1920.1080" width="1838" height="72" />
    <size key="GridCell.Tab.1.left.0.0.1920.1080" width="1838" height="327" />
    <size key="GridCell.Tab.1.center.0.0.1920.1080" width="1838" height="327" />
    <size key="GridCell.Tab.1.right.0.0.1920.1080" width="1838" height="327" />
    <size key="GridCell.Tab.1.bottom.0.0.1920.1080" width="1838" height="327" />
    <size key="find.popup.0.0.1920.1080" width="971" height="945" />
  </component>
  <component name="WindowManager">
    <frame x="-8" y="-8" width="1930" height="1042" extendedState="6" />
  </component>
  <component name="WindowStateApplicationService">
    <state x="740" y="273" key="FileChooserDialogImpl" timestamp="1737895176702">
      <screen x="0" y="0" width="1920" height="1032" />
    </state>
    <state x="740" y="273" key="FileChooserDialogImpl/0.0.1920.1032" timestamp="1737895176702" />
    <state width="451" height="159" key="ShowUsagesActions.dimensionServiceKey" timestamp="1740151866469">
      <screen x="0" y="0" width="1920" height="1032" />
    </state>
    <state width="451" height="159" key="ShowUsagesActions.dimensionServiceKey/0.0.1920.1032" timestamp="1740151866469" />
    <state x="960" y="452" width="800" height="650" key="WELCOME_SCREEN" timestamp="1739749476603">
      <screen x="0" y="0" width="1920" height="1032" />
    </state>
    <state x="960" y="452" width="800" height="650" key="WELCOME_SCREEN/0.0.1920.1032" timestamp="1739749476603" />
    <state x="505" y="395" key="ide.config.custom.settings" timestamp="1737895095684">
      <screen x="0" y="0" width="1920" height="1032" />
    </state>
    <state x="505" y="395" key="ide.config.custom.settings/0.0.1920.1032" timestamp="1737895095684" />
    <state x="572" y="119" width="800" height="725" key="new project wizard" timestamp="1737895692643">
      <screen x="0" y="0" width="1920" height="1032" />
    </state>
    <state x="572" y="119" width="800" height="725" key="new project wizard/0.0.1920.1032" timestamp="1737895692643" />
  </component>
</application>