<application>
  <component name="BuildProcessSatisfactionSurveyStore">
    <option name="daysWithGradleBuilds" value="13" />
    <option name="firstKotlinGradleBuildTime" value="1736114509" />
    <option name="lastKotlinGradleBuildTime" value="1739748821" />
    <option name="nextCountedGradleBuild" value="1739835104" />
  </component>
  <component name="KotlinNewUserTracker">
    <option name="firstKtFileOpened" value="1736100224" />
    <option name="lastKtFileOpened" value="1740267352" />
    <option name="newKtUserSince" value="1736100224" />
  </component>
</application>