<application>
  <component name="StudioBotSettings">
    <option name="acceptedTermsVersion" value="3" />
    <option name="contextSharingModeV2" value="AlwaysShare" />
    <option name="onboardedVersion" value="3" />
    <option name="queryHistory">
      <list>
        <historyEntry timestamp="1738105776831">Explain the following code: 
```kotlin
albumGridStyle
```</historyEntry>
        <historyEntry timestamp="1736985882460">What does the error message &quot;Expecting an element&quot; mean?</historyEntry>
        <historyEntry timestamp="1736664111870">can you scan this project?</historyEntry>
        <historyEntry timestamp="1736664011959">in this project</historyEntry>
        <historyEntry timestamp="1736664000766">where is the Song Info toggle that is present in Settings / Now Playing Song Info?</historyEntry>
      </list>
    </option>
  </component>
</application>