<application>
  <component name="Trusted.Paths">
    <option name="TRUSTED_PROJECT_PATHS">
      <map>
        <entry key="C:\Users\Felipe Ndc\Desktop\RetroMusicPlayer-1b549a9224e31fc3181d556f8339654bccffabd6" value="true" />
        <entry key="C:\Users\Felipe Ndc\Desktop\STREAMBUILDER" value="true" />
        <entry key="C:\Users\Felipe Ndc\Documents\GitHub\RetroMusicPlayer" value="true" />
        <entry key="C:\Users\Felipe Ndc\Documents\GitHub\vicyos_music_player_flutter\STREAMBUILDER" value="true" />
        <entry key="C:\Users\Felipe Ndc\StudioProjects\vicyos_music" value="true" />
        <entry key="C:\Users\Felipe Ndc\StudioProjects\vicyos_music_getx" value="true" />
        <entry key="C:\Users\Felipe Ndc\StudioProjects\vicyos_music_getx - stream" value="true" />
        <entry key="C:\Users\Felipe Ndc\StudioProjects\vicyos_music_no_ui" value="true" />
        <entry key="C:\Users\Felipe Ndc\StudioProjects\vicyos_music_stream" value="true" />
      </map>
    </option>
  </component>
  <component name="Trusted.Paths.Settings">
    <option name="TRUSTED_PATHS">
      <list>
        <option value="C:\Users\Felipe Ndc\Documents\GitHub" />
        <option value="C:\Users\Felipe Ndc\Desktop" />
        <option value="C:\Users\Felipe Ndc\StudioProjects" />
      </list>
    </option>
  </component>
</application>